<?xml version="1.0" encoding="UTF-8"?><rss version="2.0"
	xmlns:content="http://purl.org/rss/1.0/modules/content/"
	xmlns:wfw="http://wellformedweb.org/CommentAPI/"
	xmlns:dc="http://purl.org/dc/elements/1.1/"
	xmlns:atom="http://www.w3.org/2005/Atom"
	xmlns:sy="http://purl.org/rss/1.0/modules/syndication/"
	xmlns:slash="http://purl.org/rss/1.0/modules/slash/"
	>

<channel>
	<title>Tak Berkategori &#8211; Langsa Kampus</title>
	<atom:link href="https://inayahnurdian.github.io/kampus/category/tak-berkategori/feed/" rel="self" type="application/rss+xml" />
	<link>https://inayahnurdian.github.io/kampus</link>
	<description></description>
	<lastBuildDate>Tue, 14 Nov 2023 10:28:34 +0000</lastBuildDate>
	<language>id</language>
	<sy:updatePeriod>
	hourly	</sy:updatePeriod>
	<sy:updateFrequency>
	1	</sy:updateFrequency>
	<generator>https://wordpress.org/?v=6.4.1</generator>
	<item>
		<title>Halo dunia!</title>
		<link>https://inayahnurdian.github.io/kampus/2023/11/14/halo-dunia/</link>
					<comments>https://inayahnurdian.github.io/kampus/2023/11/14/halo-dunia/#comments</comments>
		
		<dc:creator><![CDATA[admin]]></dc:creator>
		<pubDate>Tue, 14 Nov 2023 10:28:34 +0000</pubDate>
				<category><![CDATA[Tak Berkategori]]></category>
		<guid isPermaLink="false">https://inayahnurdian.github.io/kampus/?p=1</guid>

					<description><![CDATA[Selamt datang di WordPress. Ini adalah pos pertama Anda. Sunting atau hapus, kemudian mulai menulis!]]></description>
										<content:encoded><![CDATA[
<p>Selamt datang di WordPress. Ini adalah pos pertama Anda. Sunting atau hapus, kemudian mulai menulis!</p>
]]></content:encoded>
					
					<wfw:commentRss>https://inayahnurdian.github.io/kampus/2023/11/14/halo-dunia/feed/</wfw:commentRss>
			<slash:comments>1</slash:comments>
		
		
			</item>
	</channel>
</rss>
