{"has_child":1,"home_url":"http:\/\/localhost\/kampus","root_flag":"custom","php_version":"7.4.29","mysql_version":"5.5.5","wp_version":"6.4.1","child_file":{"localhost_kampus_wpvivid-6553bafe581c4_2023-11-14-18-22_backup_db.zip":{"files":["localhost_kampus_wpvivid-6553bafe581c4_2023-11-14-18-22_backup_db.sql"],"tables":[{"name":"wp_wpforms_tasks_meta","size":16384,"rows":"1"},{"name":"wp_actionscheduler_groups","size":32768,"rows":"2"},{"name":"wp_e_events","size":32768,"rows":"0"},{"name":"wp_links","size":32768,"rows":"0"},{"name":"wp_actionscheduler_claims","size":32768,"rows":"0"},{"name":"wp_term_relationships","size":32768,"rows":"6"},{"name":"wp_usermeta","size":49152,"rows":"26"},{"name":"wp_actionscheduler_logs","size":49152,"rows":"14"},{"name":"wp_commentmeta","size":49152,"rows":"0"},{"name":"wp_term_taxonomy","size":49152,"rows":"6"},{"name":"wp_termmeta","size":49152,"rows":"4"},{"name":"wp_terms","size":49152,"rows":"6"},{"name":"wp_wpforms_payment_meta","size":65536,"rows":"0"},{"name":"wp_users","size":65536,"rows":"1"},{"name":"wp_comments","size":98304,"rows":"1"},{"name":"wp_actionscheduler_actions","size":131072,"rows":"6"},{"name":"wp_wpforms_payments","size":163840,"rows":"0"},{"name":"wp_posts","size":1589248,"rows":"222"},{"name":"wp_postmeta","size":7897088,"rows":"1376"},{"name":"wp_options","size":10928128,"rows":"327"}],"dump_db":1,"file_type":"databases","home_url":"http:\/\/localhost\/kampus","root_flag":"custom","php_version":"7.4.29","mysql_version":"5.5.5","wp_version":"6.4.1","find_zero_date":1,"file":"localhost_kampus_wpvivid-6553bafe581c4_2023-11-14-18-22_backup_db.part001.zip"},"localhost_kampus_wpvivid-6553bafe581c4_2023-11-14-18-22_backup_themes.zip":{"file_type":"themes","root_flag":"wp-content","php_version":"7.4.29","mysql_version":"5.5.5","wp_version":"6.4.1","themes":{"astra":{"slug":"astra"},"twentytwentyfour":{"slug":"twentytwentyfour"},"twentytwentythree":{"slug":"twentytwentythree"},"twentytwentytwo":{"slug":"twentytwentytwo"}},"file":"localhost_kampus_wpvivid-6553bafe581c4_2023-11-14-18-22_backup_themes.part001.zip"},"localhost_kampus_wpvivid-6553bafe581c4_2023-11-14-18-22_backup_plugin.zip":{"file_type":"plugin","root_flag":"wp-content","php_version":"7.4.29","mysql_version":"5.5.5","wp_version":"6.4.1","plugin":{"akismet":{"slug":"akismet"},"elementor":{"slug":"elementor"},"astra-sites":{"slug":"astra-sites"},"wpforms-lite":{"slug":"wpforms-lite"}},"file":"localhost_kampus_wpvivid-6553bafe581c4_2023-11-14-18-22_backup_plugin.part001.zip"},"localhost_kampus_wpvivid-6553bafe581c4_2023-11-14-18-22_backup_uploads.zip":{"file_type":"upload","root_flag":"wp-content","php_version":"7.4.29","mysql_version":"5.5.5","wp_version":"6.4.1","file":"localhost_kampus_wpvivid-6553bafe581c4_2023-11-14-18-22_backup_uploads.part001.zip"},"localhost_kampus_wpvivid-6553bafe581c4_2023-11-14-18-22_backup_content.zip":{"file_type":"wp-content","root_flag":"wp-content","php_version":"7.4.29","mysql_version":"5.5.5","wp_version":"6.4.1","file":"localhost_kampus_wpvivid-6553bafe581c4_2023-11-14-18-22_backup_content.part001.zip"},"localhost_kampus_wpvivid-6553bafe581c4_2023-11-14-18-22_backup_core.zip":{"file_type":"wp-core","include_path":["wp-includes","wp-admin"],"wp_core":1,"root_flag":"root","home_url":"http:\/\/localhost\/kampus","file":"localhost_kampus_wpvivid-6553bafe581c4_2023-11-14-18-22_backup_core.part001.zip"}},"file":"localhost_kampus_wpvivid-6553bafe581c4_2023-11-14-18-22_backup_all.part001.zip"}